{"nm":"Composizione 1","ddd":0,"h":1000,"w":1000,"meta":{"g":"@lottiefiles/toolkit-js 0.26.1"},"layers":[{"ty":4,"nm":"circle","sr":1,"st":0,"op":750,"ip":0,"hd":false,"ddd":0,"bm":0,"hasMask":false,"ao":0,"ks":{"a":{"a":0,"k":[2,0,0],"ix":1},"s":{"a":0,"k":[100,100,100],"ix":6},"sk":{"a":0,"k":0},"p":{"a":0,"k":[502,500,0],"ix":2},"r":{"a":0,"k":0,"ix":10},"sa":{"a":0,"k":0},"o":{"a":0,"k":100,"ix":11}},"ef":[],"shapes":[{"ty":"gr","bm":0,"hd":false,"mn":"ADBE Vector Group","nm":"Ellisse 1","ix":1,"cix":2,"np":3,"it":[{"ty":"sh","bm":0,"hd":false,"mn":"ADBE Vector Shape - Group","nm":"Tracciato 1","ix":1,"d":1,"ks":{"a":1,"k":[{"o":{"x":0.85,"y":0},"i":{"x":0.62,"y":1},"s":[{"c":true,"i":[[-98.859,0],[0,-98.859],[98.859,0],[0,98.859]],"o":[[98.859,0],[0,98.859],[-98.859,0],[0,-98.859]],"v":[[0,-179],[179,0],[0,179],[-179,0]]}],"t":0},{"o":{"x":0.85,"y":0},"i":{"x":0.62,"y":1},"s":[{"c":true,"i":[[0,0],[0,0],[0,0],[0,0]],"o":[[0,0],[0,0],[0,0],[0,0]],"v":[[-2,-180.234],[74.744,-47.309],[151.489,85.617],[-155.489,85.617]]}],"t":25.84},{"o":{"x":0.85,"y":0},"i":{"x":0.62,"y":1},"s":[{"c":true,"i":[[0,0],[0,0],[0,0],[0,0]],"o":[[0,0],[0,0],[0,0],[0,0]],"v":[[-2,-180.234],[74.744,-47.309],[151.489,85.617],[-155.489,85.617]]}],"t":37.494},{"o":{"x":0.167,"y":0},"i":{"x":0.62,"y":1},"s":[{"c":true,"i":[[0,0],[0,0],[0,0],[0,0]],"o":[[0,0],[0,0],[0,0],[0,0]],"v":[[125,-130],[125,122],[-127,122],[-127,-130]]}],"t":68},{"o":{"x":0.85,"y":0},"i":{"x":0.62,"y":1},"s":[{"c":true,"i":[[0,0],[0,0],[0,0],[0,0]],"o":[[0,0],[0,0],[0,0],[0,0]],"v":[[125,-130],[125,122],[-127,122],[-127,-130]]}],"t":81},{"o":{"x":0.85,"y":0},"i":{"x":0.62,"y":1},"s":[{"c":true,"i":[[-98.859,0],[0,-98.859],[98.859,0],[0,98.859]],"o":[[98.859,0],[0,98.859],[-98.859,0],[0,-98.859]],"v":[[0,-179],[179,0],[0,179],[-179,0]]}],"t":104},{"s":[{"c":true,"i":[[-98.859,0],[0,-98.859],[98.859,0],[0,98.859]],"o":[[98.859,0],[0,98.859],[-98.859,0],[0,-98.859]],"v":[[0,-179],[179,0],[0,179],[-179,0]]}],"t":112}],"ix":2}},{"ty":"st","bm":0,"hd":false,"mn":"ADBE Vector Graphic - Stroke","nm":"Traccia 1","lc":1,"lj":1,"ml":4,"o":{"a":0,"k":100,"ix":4},"w":{"a":0,"k":0,"ix":5},"c":{"a":0,"k":[0.9451,0.3569,0.1608],"ix":3}},{"ty":"fl","bm":0,"hd":false,"mn":"ADBE Vector Graphic - Fill","nm":"Riempimento 1","c":{"a":1,"k":[{"o":{"x":0.167,"y":0.167},"i":{"x":0.833,"y":0.833},"s":[0.9451,0.3569,0.1608],"t":0},{"o":{"x":0.167,"y":0.167},"i":{"x":0.833,"y":0.833},"s":[1,0.7373,0],"t":26},{"o":{"x":0.167,"y":0.167},"i":{"x":0.833,"y":0.833},"s":[1,0.7373,0],"t":37},{"o":{"x":0.167,"y":0.167},"i":{"x":0.833,"y":0.833},"s":[1,0.7373,0],"t":68},{"o":{"x":0.167,"y":0.167},"i":{"x":0.833,"y":0.833},"s":[1,0.7373,0],"t":81},{"s":[0.9451,0.3569,0.1608],"t":104}],"ix":4},"r":1,"o":{"a":0,"k":100,"ix":5}},{"ty":"tr","a":{"a":0,"k":[0,0],"ix":1},"s":{"a":0,"k":[100,100],"ix":3},"sk":{"a":0,"k":0,"ix":4},"p":{"a":0,"k":[2,0],"ix":2},"r":{"a":0,"k":0,"ix":6},"sa":{"a":0,"k":0,"ix":5},"o":{"a":0,"k":100,"ix":7}}]}],"ind":1}],"v":"5.7.4","fr":50,"op":112,"ip":0,"assets":[]}