{
  "REACT_APP_BASE_URL": "https://dev.useronboarding.khulke.com",
  "REACT_APP_USER_ONBOARDING_URL": "https://dev.useronboarding.khulke.com",
  "REACT_APP_BASE_URL_FOR_ROUNDTABLE": "https://dev.round-table.khulke.com/round-table",
  "POST_API_BASE_URL": "https://dev.node.khulke.com",
  "PANELIST_CHAT_API": "https://dev.upload.khulke.com",
  "REACT_APP_DEVICE_TYPE": "android",
  "REACT_APP_VAPID_ID": "BCLmRYEnKqXpbrBh8pzz7BqfHBnJxgxeEXANq5XNBIznrTH04VKTdDMHfQpxIX1SWTeG-78CwAmdCZ8wZuljgoI",
  "AGORA_APP_ID": "bcca130ad44742519e5037e19d4c3b28",
  "REACT_APP_BASE_URL_CLOUDFRONT": "https://khulkedev-public-cdn.s3.ap-south-1.amazonaws.com",
  "RECORDING_USERNAME": "recorder",
  "RECORDING_PASSWORD": "Recorder@123",
  "gtmIdString": "GTM-MF3BRGP",
  "STATIC_TOKEN": "heU1kMBuURw4/SwN8RTJ8vBynw13AsDTa5XNGpJ2ipX/m3FBVHwVaBFGQNBhJiJaV950/TP+kTOAA8Ceu7IXQ3248vX4rRz14aEx8yFnmd6vrC8wHMlBpcAzgTgSKvlw2A3kgmRgnN/tpRqcCKFdf8WMMoZwhrvx9p0F2Cvic84=",
  "MAINTAINANCE_URL": "https://ghc7seyv16.execute-api.ap-south-1.amazonaws.com/beta/server/maintenance",
  "MAINTAINANCE_KEY": "ZaIx8K1ZLX8aQiJUr2s7B92wCqFYoQPB7bGQ4iv5",
  "APP_ID": "2220329662fc4c9a",
  "AUTH_KEY": "aee53c1dfe3eb46e768277807b5bf2e0d66a2eac",
  "REGION": "us",
  "REACT_APP_BASE_URL_FOR_ROUNDTABLE_V1": "https://dev.round-table.khulke.com/round-table/v1",
  "REACT_APP_BASE_URL_FOR_ROUNDTABLE_V2": "https://dev.round-table.khulke.com/round-table/v2",
  "APP_LINKS": "https://gutrgoo.page.link/BnhH",
  "MEET_UP_BASE_URL": "dummyurl"
}
